Workbook

Sheet 数据收集总表
A1: 收集日期 | B1: 央行购金(吨) | C1: M2同比增速(%) | D1: 美债/GDP比率(%) | E1: Fed预期差(bp) | F1: 10Y TIPS(%) | G1: DXY | H1: ETF持仓4周变化(%) | I1: 金银比 | J1: 金价/AISC | K1: RSI14 | L1: MACD背离 | M1: 20日均线斜率(%) | N1: 布林带状态 | O1: VIX | P1: 信用利差(%) | Q1: GPR指数 | R1: 布油价格($) | S1: CPI同比(%) | T1: 金价($) | U1: 金价单日跌幅 | V1: DXY单日涨幅
A2: 日期 | B2: S_macro | C2: S_macro | D2: S_macro | E2: S_macro | F2: S_macro | G2: S_macro | H2: K_verif | I2: K_verif | J2: K_verif | K2: K_trend | L2: K_trend | M2: K_trend | N2: K_trend | O2: K_liquidity | P2: K_liquidity | Q2: K_geo | R2: K_geo | S2: K_geo | T2: 参考 | U2: 参考 | V2: S_macro
A3: 2026-04-30 | B3: 838 | C3: 4.2 | D3: 122.57 | E3: -15 | F3: 1.92 | G3: 98.66 | H3: -3.18 | I3: 63.75 | J3: 3.25 | K3: 39.01 | L3: 50 | M3: -0.15 | N3: 83 | O3: 17.83 | P3: 1.69 | Q3: 297.27 | R3: 111.85 | S3: 3.32 | T3: 4543.41 | U3: -1.62 | V3: 0.03
A4: 2026-05-13 | B4: 838 | C4: 4.88 | D4: 122.56815 | E4: 2.5 | F4: 1.95 | G4: 97.7146 | H4: -0.01 | I4: 53.6281 | J4: 3.3786 | K4: 37.25 | L4: 50 | M4: -0.0389 | N4: 67 | O4: 18.38 | P4: 1.65 | Q4: 122.17332 | R4: 118.26 | S4: 3.95 | T4: 4730 | U4: -0.0978 | V4: 0
A5: 2026-06-09 | B5: 870.5 | C5: 4.88 | D5: 121.03915 | E5: 2.5 | F5: 2.19 | G5: 99.8814 | H5: -1.53 | I5: 63.469857 | J5: 2.5421719 | K5: 60.62 | L5: 50 | M5: -0.27 | N5: 50 | O5: 24.76 | P5: 1.54 | Q5: 184.18 | R5: 93.031 | S5: 3.8 | T5: 4337.53 | U5: -0.01 | V5: -0.13
A6: 2026-06-16 | B6: 870.5 | C6: 4.88 | D6: 121.03915 | E6: 2.5 | F6: 2.17 | G6: 99.5807 | H6: -2.06 | I6: 61.566936 | J6: 2.5471419 | K6: 57.21 | L6: 50 | M6: 0.356 | N6: 50 | O6: 22.56 | P6: 1.63 | Q6: 184.18 | R6: 81.437 | S6: 4.2 | T6: 4346.01 | U6: -0.01 | V6: -0.09
A7: 2026-06-16 | B7: 870.5 | C7: 4.88 | D7: 121.03915 | E7: 2.5 | F7: 2.17 | G7: 99.5815 | H7: -2.06 | I7: 61.579425 | J7: 2.5469368 | K7: 57.21 | L7: 50 | M7: 0.356 | N7: 50 | O7: 22.56 | P7: 1.63 | Q7: 184.18 | R7: 81.423 | S7: 4.2 | T7: 4345.66 | U7: -0.01 | V7: -0.09
A8: 2026-06-16 | B8: 870.5 | C8: 4.88 | D8: 121.03915 | E8: 2.5 | F8: 2.17 | G8: 99.6054 | H8: -2.06 | I8: 61.608171 | J8: 2.5452372 | K8: 57.21 | L8: 50 | M8: 0.356 | N8: 50 | O8: 22.56 | P8: 1.63 | Q8: 184.18 | R8: 81.342 | S8: 4.2 | T8: 4342.76 | U8: -0.01 | V8: -0.07
A9: 2026-06-23 | B9: 870.5 | C9: 4.88 | D9: 122.77209 | E9: 2.5 | F9: 2.21 | G9: 101.065 | H9: -1.55 | I9: 65.93631 | J9: 2.4148913 | K9: 55.94 | L9: 50 | M9: 0.182 | N9: 50 | O9: 22.52 | P9: 1.59 | Q9: 184.18 | R9: 76.659 | S9: 4.2 | T9: 4120.36 | U9: -0.01 | V9: 0.06
A10: 2026-06-24 | B10: 870.5 | C10: 4.88 | D10: 122.77209 | E10: 2.5 | F10: 2.28 | G10: 101.602 | H10: -2.15 | I10: 66.579412 | J10: 2.3881071 | K10: 50.97 | L10: 50 | M10: 0.2 | N10: 50 | O10: 23.87 | P10: 1.6 | Q10: 184.18 | R10: 75.508 | S10: 4.2 | T10: 4074.66 | U10: -0.01 | V10: 0.22
A11: 2026-06-24 | B11: 870.5 | C11: 4.88 | D11: 122.77209 | E11: 2.5 | F11: 2.28 | G11: 101.6082 | H11: -2.15 | I11: 66.633628 | J11: 2.3877086 | K11: 50.97 | L11: 50 | M11: 0.2 | N11: 50 | O11: 23.87 | P11: 1.6 | Q11: 184.18 | R11: 75.337 | S11: 4.2 | T11: 4073.98 | U11: -0.01 | V11: 0.23
A12: 2026-06-25 | B12: 870.5 | C12: 4.88 | D12: 122.77209 | E12: 2.5 | F12: 2.29 | G12: 101.485 | H12: -2.32 | I12: 69.827918 | J12: 2.3425623 | K12: 55.66 | L12: 50 | M12: 0.332 | N12: 50 | O12: 23.69 | P12: 1.69 | Q12: 184.18 | R12: 72.825 | S12: 4.2 | T12: 3996.95 | U12: -0.01 | V12: -0.09
A13: 2026-06-25 | B13: 870.5 | C13: 4.88 | D13: 122.77209 | E13: 2.5 | F13: 2.29 | G13: 101.4852 | H13: -2.32 | I13: 69.642608 | J13: 2.3412436 | K13: 55.66 | L13: 50 | M13: 0.332 | N13: 50 | O13: 23.69 | P13: 1.69 | Q13: 184.18 | R13: 72.85 | S13: 4.2 | T13: 3994.7 | U13: -0.01 | V13: -0.09
A14: 2026-06-25 04:13:02 | B14: 870.5 | C14: 4.88 | D14: 122.77209 | E14: 2.5 | F14: 2.29 | G14: 101.4776 | H14: -2.32 | I14: 69.579324 | J14: 2.3391161 | K14: 55.66 | L14: 50 | M14: 0.332 | N14: 50 | O14: 23.69 | P14: 1.69 | Q14: 184.18 | R14: 72.859 | S14: 4.2 | T14: 3991.07 | U14: -0.01 | V14: -0.1
... A24: 2026-07-03 12:40:37 | B24: 870.5 | C24: 4.88 | D24: 122.59387 | E24: 2.5 | F24: 2.25 | G24: 100.7764 | H24: -3.24 | I24: 66.96633 | J24: 2.4479056 | K24: 39.25 | L24: 50 | M24: 0.54 | N24: 50 | O24: 22.040001 | P24: 1.51 | Q24: 173.64 | R24: 72.288 | S24: 4.2 | T24: 4176.69 | U24: -0.01 | V24: -0.09
A25: 数据说明：
A26: MACD背离: 100=底背离, 50=无背离, 0=顶背离
A27: 布林带状态: 100=触下轨扩口, 50=中性, 0=触上轨扩口
A28: Fed预期差: 正数=预期降息bp, 负数=预期加息bp
A29: 2026-07-04 12:33:56 | B29: 870.5 | C29: 4.88 | D29: 122.59387 | E29: 2.5 | F29: 2.25 | G29: 100.8657 | H29: -3.24 | I29: 66.94628 | J29: 2.4467803 | K29: 39.25 | L29: 50 | M29: 0.54 | N29: 50 | O29: 22.040001 | Q29: 173.64 | R29: 71.995 | S29: 4.2 | T29: 4174.77 | U29: -0.01 | V29: 0
A30: 2026-07-05 12:55:29 | B30: 870.5 | C30: 4.88 | D30: 122.59387 | E30: 2.5 | F30: 2.25 | G30: 100.8657 | H30: -3.24 | I30: 66.94628 | J30: 2.4467803 | K30: 39.25 | L30: 50 | M30: 0.54 | N30: 50 | O30: 22.24 | Q30: 173.64 | R30: 71.995 | S30: 4.2 | T30: 4174.77 | U30: -0.01 | V30: 0
A31: 2026-07-06 12:55:53 | B31: 870.5 | C31: 4.88 | D31: 122.59387 | E31: 2.5 | F31: 2.25 | G31: 100.9489 | H31: -3.24 | I31: 67.309485 | J31: 2.4371744 | K31: 39.25 | L31: 50 | M31: 0.54 | N31: 50 | O31: 22.24 | Q31: 173.64 | R31: 71.811 | S31: 4.2 | T31: 4158.38 | U31: -0.01 | V31: 0.08
A32: 2026-07-06 13:09:11 | B32: 870.5 | C32: 4.88 | D32: 122.59387 | E32: 2.5 | F32: 2.25 | G32: 100.9831 | H32: -3.24 | I32: 67.285113 | J32: 2.4343201 | K32: 39.25 | L32: 50 | M32: 0.54 | N32: 50 | O32: 22.24 | Q32: 173.64 | R32: 72 | S32: 4.2 | T32: 4153.51 | U32: -0.01 | V32: 0.12
A33: 2026-07-07 12:51:21 | B33: 870.5 | C33: 4.88 | D33: 122.59387 | E33: 2.5 | F33: 2.26 | G33: 100.8592 | H33: -2.88 | I33: 67.748154 | J33: 2.4201016 | K33: 44.4 | L33: 50 | M33: 0.402 | N33: 50 | O33: 21.49 | P33: 1.52 | Q33: 173.64 | R33: 72.522 | S33: 4.2 | T33: 4129.25 | U33: -0.01 | V33: -0.01
A34: 2026-07-08 12:13:21 | B34: 870.5 | C34: 4.88 | D34: 122.59387 | E34: 2.5 | F34: 2.24 | G34: 101.1102 | H34: -2.59 | I34: 68.376202 | J34: 2.4180913 | K34: 46.2 | L34: 50 | M34: 0.368 | N34: 50 | O34: 21.69 | P34: 1.45 | Q34: 173.64 | R34: 76.143 | S34: 4.2 | T34: 4125.82 | U34: -0.01 | V34: 0.02
A35: 2026-07-09 12:51:15 | B35: 870.5 | C35: 4.88 | D35: 122.59387 | E35: 2.5 | F35: 2.3 | G35: 100.9757 | H35: -2.59 | I35: 70.11184 | J35: 2.3808514 | K35: 49.37 | L35: 50 | M35: 0.166 | N35: 50 | O35: 22.01 | P35: 1.44 | Q35: 173.64 | R35: 78.897 | S35: 4.2 | T35: 4062.28 | U35: -0.01 | V35: -0.09
A36: 2026-07-10 12:50:40 | B36: 870.5 | C36: 4.88 | D36: 122.59387 | E36: 2.5 | F36: 2.31 | G36: 100.7793 | H36: -2.26 | I36: 68.197118 | J36: 2.4129572 | K36: 55.87 | L36: 50 | M36: 0.124 | N36: 50 | O36: 21.58 | P36: 1.46 | Q36: 173.64 | R36: 76.565 | S36: 4.2 | T36: 4117.06 | U36: -0.01 | V36: -0.15
A37: 2026-07-11 12:11:44 | B37: 870.5 | C37: 4.88 | D37: 122.59387 | E37: 2.5 | F37: 2.31 | G37: 100.9609 | H37: -2.49 | I37: 68.833723 | J37: 2.4141001 | K37: 42.04 | L37: 50 | M37: -0.072 | N37: 50 | O37: 21.13 | P37: 1.44 | Q37: 173.64 | R37: 75.229 | S37: 4.2 | T37: 4119.01 | U37: -0.02 | V37: 0.03
A38: 2026-07-12 12:24:23 | B38: 870.5 | C38: 4.88 | D38: 122.59387 | E38: 2.5 | F38: 2.31 | G38: 100.9609 | H38: -2.49 | I38: 68.833723 | J38: 2.4141001 | K38: 42.04 | L38: 50 | M38: -0.072 | N38: 50 | O38: 21.13 | P38: 1.44 | Q38: 173.64 | R38: 75.229 | S38: 4.2 | T38: 4119.01 | U38: -0.02 | V38: 0.03
A39: 2026-07-13 12:29:28 | B39: 870.5 | C39: 4.88 | D39: 122.59387 | E39: 2.5 | F39: 2.31 | G39: 101.108 | H39: -2.49 | I39: 69.795799 | J39: 2.3758462 | K39: 42.04 | L39: 50 | M39: -0.072 | N39: 50 | O39: 21.13 | P39: 1.44 | Q39: 173.64 | R39: 79.163 | S39: 4.2 | T39: 4053.74 | U39: -0.01 | V39: 0.15
A40: 2026-07-14 11:55:32 | B40: 870.5 | C40: 4.88 | D40: 122.59387 | E40: 2.5 | F40: 2.32 | G40: 101.172 | H40: -2.49 | I40: 69.673084 | J40: 2.3545184 | K40: 40.33 | L40: 50 | M40: -0.424 | N40: 50 | O40: 21.78 | P40: 1.38 | Q40: 173.64 | R40: 84.544 | S40: 4.2 | T40: 4017.35 | U40: -0.01 | V40: -0.13
A41: 2026-07-15 11:56:57 | B41: 870.5 | C41: 4.88 | D41: 122.59387 | E41: 2.5 | F41: 2.36 | G41: 100.7977 | H41: -2.18 | I41: 69.0375 | J41: 2.3629815 | K41: 51.8 | L41: 50 | M41: -0.526 | N41: 50 | O41: 21.51 | P41: 1.42 | Q41: 173.64 | R41: 85.783 | S41: 3.5 | T41: 4031.79 | U41: -0.01 | V41: -0.13
A42: 2026-07-16 12:07:34 | B42: 870.5 | C42: 4.88 | D42: 122.59387 | E42: 2.5 | F42: 2.33 | G42: 100.5147 | H42: -2.27 | I42: 70.597409 | J42: 2.3638255 | K42: 44.64 | L42: 50 | M42: -0.498 | N42: 50 | O42: 20.85 | P42: 1.45 | Q42: 173.64 | R42: 84.756 | S42: 3.5 | T42: 4033.23 | U42: -0.01 | V42: 0
A43: 2026-07-17 11:58:34 | B43: 870.5 | C43: 4.88 | D43: 122.59387 | E43: 2.5 | F43: 2.32 | G43: 100.7602 | H43: -2.27 | I43: 72.058855 | J43: 2.3392743 | K43: 31.6 | L43: 50 | M43: -0.57 | N43: 50 | O43: 21.45 | P43: 1.43 | Q43: 173.64 | R43: 85.013 | S43: 3.5 | T43: 3991.34 | U43: -0.01 | V43: 0.04
A44: 2026-07-18 11:53:37 | B44: 870.5 | C44: 4.88 | D44: 122.59387 | E44: 2.5 | F44: 2.35 | G44: 100.7617 | H44: -2.05 | I44: 71.861872 | J44: 2.3539382 | K44: 41.87 | L44: 50 | M44: -0.422 | N44: 50 | O44: 22.48 | P44: 1.45 | Q44: 173.64 | R44: 88.273 | S44: 3.5 | T44: 4016.36 | U44: -0.02 | V44: 0.04
... A55: 2026-07-29 12:10:31 | B55: 870.5 | C55: 4.88 | D55: 122.59387 | E55: 2.5 | F55: 2.44 | G55: 101.3056 | H55: -1.15 | I55: 70.13653 | J55: 2.2527878 | K55: 43.79 | L55: 50 | M55: -0.764 | N55: 50 | O55: 22.030001 | P55: 1.39 | Q55: 173.64 | R55: 85.207 | S55: 3.5 | T55: 4022.33 | U55: -0.01 | V55: -0.11
A56: 2026-07-30 11:55:28 | B56: 870.5 | C56: 4.88 | D56: 122.59387 | E56: 2.5 | F56: 2.41 | G56: 100.9416 | H56: -1.26 | J56: 2.2726142 | K56: 40.61 | L56: 50 | M56: -0.8 | N56: 50 | O56: 23.42 | P56: 1.33 | Q56: 173.64 | R56: 87.252 | S56: 3.5 | T56: 4057.73 | U56: -0.01 | V56: 0.12
A57: 2026-08-03 12:28:18 | B57: 870.5 | C57: 4.88 | D57: 120.29305 | E57: 2.5 | F57: 2.41 | G57: 99.7206 | H57: -0.63 | I57: 69.707334 | J57: 2.2784334 | K57: 52.14 | L57: 50 | M57: -0.636 | N57: 50 | O57: 21.25 | P57: 1.25 | Q57: 173.64 | R57: 83.494 | S57: 3.5 | T57: 4068.12 | U57: -0.01 | V57: -0.06
A58: 2026-08-04 12:12:13 | B58: 870.5 | C58: 4.88 | D58: 120.29305 | E58: 2.5 | F58: 2.47 | G58: 100.0225 | H58: -0.12 | I58: 69.058252 | J58: 2.2707548 | K58: 32.89 | L58: 50 | M58: -0.544 | N58: 50 | O58: 21.08 | P58: 1.49 | Q58: 152.67 | R58: 85.014 | S58: 3.5 | T58: 4054.41 | U58: -0.01 | V58: 0.06
A59: 2026-08-05 11:59:11 | B59: 870.5 | C59: 4.88 | D59: 120.29305 | E59: 2.5 | F59: 2.43 | G59: 99.8009 | H59: 0.42 | I59: 67.976128 | J59: 2.3124576 | K59: 42.4 | L59: 50 | M59: -0.494 | N59: 50 | O59: 21.27 | P59: 1.56 | Q59: 152.67 | R59: 78.332 | S59: 3.5 | T59: 4128.87 | U59: -0.01 | V59: -0.06
A60: 2026-08-06 12:10:40 | B60: 870.5 | C60: 4.88 | D60: 120.29305 | E60: 2.5 | F60: 2.4 | G60: 99.7228 | H60: 0.87 | I60: 68.632561 | J60: 2.3893721 | K60: 42.35 | L60: 50 | M60: -0.482 | N60: 50 | O60: 20.51 | P60: 1.56 | Q60: 152.67 | R60: 79.174 | S60: 3.5 | T60: 4266.2 | U60: -0.01 | V60: 0.03
A61: 2026-08-07 11:48:34 | B61: 870.5 | C61: 4.88 | D61: 120.29305 | E61: 2.5 | F61: 2.41 | G61: 99.9652 | H61: 1.33 | I61: 68.426116 | J61: 2.3860173 | K61: 44.33 | L61: 50 | M61: -0.462 | N61: 50 | O61: 20.23 | P61: 1.5 | Q61: 152.67 | R61: 83.402 | S61: 3.5 | T61: 4260.21 | U61: -0.01 | V61: 0.02
A62: 2026-08-08 10:53:15 | B62: 870.5 | C62: 4.88 | D62: 120.29305 | E62: 2.5 | F62: 2.43 | G62: 99.5996 | H62: 1.47 | I62: 68.342569 | J62: 2.4313326 | K62: 45.9 | L62: 50 | M62: -0.38 | N62: 50 | O62: 20.32 | P62: 1.54 | Q62: 152.67 | R62: 82.301 | S62: 3.5 | T62: 4341.12 | U62: -0.01 | V62: -0.34
A63: 2026-08-09 11:01:05 | B63: 870.5 | C63: 4.88 | D63: 120.29305 | E63: 2.5 | F63: 2.43 | G63: 99.5996 | H63: 1.47 | I63: 68.342569 | J63: 2.4313326 | K63: 45.9 | L63: 50 | M63: -0.38 | N63: 50 | O63: 20.32 | P63: 1.54 | Q63: 152.67 | R63: 82.301 | S63: 3.5 | T63: 4341.12 | U63: -0.01 | V63: -0.34
A64: 2026-08-10 11:10:16 | B64: 870.5 | C64: 4.88 | D64: 120.29305 | E64: 2.5 | F64: 2.43 | G64: 99.7163 | H64: 1.47 | I64: 68.246562 | J64: 2.4183613 | K64: 45.9 | L64: 50 | M64: -0.38 | N64: 50 | O64: 20.32 | P64: 1.54 | Q64: 152.67 | R64: 84.142 | S64: 3.5 | T64: 4317.96 | U64: -0.01 | V64: 0.12
A65: 2026-08-11 11:03:07 | B65: 870.5 | C65: 4.88 | D65: 120.29305 | E65: 2.5 | F65: 2.4 | G65: 99.8195 | H65: 1.84 | I65: 67.054239 | J65: 2.4718761 | K65: 51.41 | L65: 50 | M65: -0.206 | N65: 50 | O65: 20.21 | P65: 1.47 | Q65: 152.67 | R65: 87.937 | S65: 3.5 | T65: 4413.51 | U65: -0.01 | V65: 0.01
A66: 2026-08-12 11:21:58 | B66: 870.5 | C66: 4.88 | D66: 120.29305 | E66: 2.5 | F66: 2.43 | G66: 99.862 | H66: 1.69 | I66: 67.283707 | J66: 2.4678996 | K66: 69.04 | L66: 50 | M66: -0.102 | N66: 50 | O66: 20.049999 | P66: 1.49 | Q66: 152.67 | R66: 89.74 | S66: 3.5 | T66: 4406.41 | U66: -0.01 | V66: 0.05
A67: 2026-08-14 11:23:00 | B67: 870.5 | C67: 4.88 | D67: 120.29305 | E67: 2.5 | F67: 2.42 | G67: 99.8713 | H67: 1.87 | I67: 67.530918 | J67: 2.422125 | K67: 51.91 | L67: 50 | M67: 0.156 | N67: 50 | O67: 19.62 | P67: 1.56 | Q67: 152.67 | R67: 87.053 | S67: 3.4 | T67: 4324.68 | U67: -0.01 | V67: -0.09
A68: 2026-08-15 10:12:43 | B68: 870.5 | C68: 4.88 | D68: 120.29305 | E68: 2.5 | F68: 2.39 | G68: 99.6391 | H68: 2.16 | I68: 67.663522 | J68: 2.4507558 | K68: 48.15 | L68: 50 | M68: 0.062 | N68: 50 | O68: 19.355 | P68: 1.51 | Q68: 152.67 | R68: 88.833 | S68: 3.4 | T68: 4375.8 | U68: -0.01 | V68: -0.32
... A79: 2026-08-26 10:23:27 | B79: 870.5 | C79: 4.88 | D79: 120.29305 | E79: 2.5 | F79: 2.38 | G79: 98.9152 | H79: 3.87 | I79: 67.127917 | J79: 2.609939 | K79: 64.41 | L79: 0 | M79: 0.484 | N79: 0 | O79: 18.01 | P79: 1.55 | Q79: 152.67 | R79: 85.288 | S79: 3.4 | T79: 4660.02 | U79: -0.01 | V79: 0.01
A80: 2026-08-27 18:54:03 | B80: 870.5 | C80: 4.88 | D80: 120.25285 | E80: 2.5 | F80: 2.32 | G80: 99.243 | H80: 3.73 | I80: 67.147498 | J80: 2.5700844 | K80: 56.96 | L80: 50 | M80: 0.606 | N80: 50 | O80: 18.54 | Q80: 152.67 | R80: 87.37 | S80: 3.4 | T80: 4588.86 | U80: -0.01 | V80: 0.1
A81: 2026-08-28 20:29:44 | B81: 870.5 | C81: 4.88 | D81: 120.25285 | E81: 2.5 | F81: 2.34 | G81: 99.2115 | H81: 3.93 | I81: 65.221009 | J81: 2.57671 | K81: 56.96 | L81: 50 | M81: 0.59 | N81: 50 | O81: 18.1 | Q81: 152.67 | R81: 87.787 | S81: 3.4 | T81: 4600.69 | U81: -0.01 | V81: 0.08
A82: 2026-08-29 15:39:07 | B82: 870.5 | C82: 4.88 | D82: 120.25285 | E82: 2.5 | F82: 2.34 | G82: 99.6831 | H82: 3.63 | I82: 67.182956 | J82: 2.4946821 | K82: 54.01 | L82: 50 | M82: 0.594 | N82: 50 | O82: 18.36 | P82: 1.46 | Q82: 152.67 | R82: 88.331 | S82: 3.4 | T82: 4454.23 | U82: -0.02 | V82: 0.55
A83: 2026-08-30 14:13:52 | B83: 870.5 | C83: 4.88 | D83: 120.25285 | E83: 2.5 | F83: 2.34 | G83: 99.6831 | H83: 3.63 | I83: 67.182956 | J83: 2.4946821 | K83: 54.01 | L83: 50 | M83: 0.594 | N83: 50 | O83: 18.36 | P83: 1.46 | Q83: 152.67 | R83: 88.331 | S83: 3.4 | T83: 4454.23 | U83: -0.02 | V83: 0.55
A84: 2026-08-31 14:39:44 | B84: 870.5 | C84: 4.88 | D84: 120.25285 | E84: 2.5 | F84: 2.34 | G84: 99.6066 | H84: 3.63 | I84: 66.547662 | J84: 2.4867459 | K84: 54.01 | L84: 50 | M84: 0.594 | N84: 50 | O84: 18.36 | P84: 1.46 | Q84: 152.67 | R84: 90.638 | S84: 3.4 | T84: 4440.06 | U84: -0.01 | V84: -0.08
A85: 2026-09-02 13:26:23 | B85: 870.5 | C85: 4.88 | D85: 120.25285 | E85: 2.5 | F85: 2.44 | G85: 99.7711 | H85: 3.7 | I85: 67.535328 | J85: 2.41434 | K85: 43.74 | L85: 50 | M85: 0.408 | N85: 50 | O85: 18.55 | P85: 1.53 | Q85: 117.92 | R85: 95.275 | S85: 3.4 | T85: 4310.78 | U85: -0.01 | V85: 0.11
A86: 2026-09-03 13:28:00 | B86: 870.5 | C86: 4.88 | D86: 120.25285 | E86: 2.5 | F86: 2.44 | G86: 99.3822 | H86: 4.19 | I86: 67.366626 | J86: 2.4781097 | K86: 49.44 | L86: 50 | M86: 0.36 | N86: 50 | O86: 18.02 | P86: 1.53 | Q86: 117.92 | R86: 94.597 | S86: 3.4 | T86: 4424.64 | U86: -0.01 | V86: -0.18
A87: 2026-09-05 13:15:24 | B87: 870.5 | C87: 4.88 | D87: 120.25285 | E87: 2.5 | F87: 2.42 | G87: 99.155 | H87: 3.39 | I87: 66.963276 | J87: 2.4816493 | K87: 62.26 | L87: 50 | M87: 0.288 | N87: 50 | O87: 17.72 | P87: 1.54 | Q87: 117.92 | R87: 95.929 | S87: 3.4 | T87: 4430.96 | U87: -0.01 | V87: 0.16
A88: 2026-09-06 13:29:43 | B88: 870.5 | C88: 4.88 | D88: 120.25285 | E88: 2.5 | F88: 2.42 | G88: 99.155 | H88: 3.39 | I88: 66.963276 | J88: 2.4816493 | K88: 62.26 | L88: 50 | M88: 0.288 | N88: 50 | O88: 17.72 | P88: 1.54 | Q88: 117.92 | R88: 95.929 | S88: 3.4 | T88: 4430.96 | U88: -0.01 | V88: 0.16
A89: 2026-09-07 13:41:13 | B89: 870.5 | C89: 4.88 | D89: 120.25285 | E89: 2.5 | F89: 2.42 | G89: 99.1627 | H89: 3.39 | I89: 66.887859 | J89: 2.4653681 | K89: 62.26 | L89: 50 | M89: 0.288 | N89: 50 | O89: 17.72 | P89: 1.54 | Q89: 117.92 | R89: 97.53 | S89: 3.4 | T89: 4401.89 | U89: -0.01 | V89: 0.01
A90: 2026-09-08 13:35:49 | B90: 870.5 | C90: 4.88 | D90: 120.25285 | E90: 2.5 | F90: 2.42 | G90: 98.8267 | H90: 3.39 | I90: 66.43443 | J90: 2.4769335 | K90: 62.26 | L90: 50 | M90: 0.288 | N90: 50 | O90: 17.72 | Q90: 117.92 | R90: 98.131 | S90: 3.4 | T90: 4422.54 | U90: -0.01 | V90: -0.09
A91: 2026-09-09 13:42:55 | B91: 870.5 | C91: 4.88 | D91: 120.25285 | E91: 2.5 | F91: 2.43 | G91: 98.7275 | H91: 2.91 | I91: 66.104305 | J91: 2.4598122 | K91: 55.97 | L91: 50 | M91: 0.254 | N91: 50 | O91: 17.99 | P91: 1.52 | Q91: 117.92 | R91: 98.934 | S91: 3.4 | T91: 4391.97 | U91: -0.01 | V91: -0.14
A92: 2026-09-10 13:35:57 | B92: 870.5 | C92: 4.88 | D92: 120.25285 | E92: 2.5 | F92: 2.43 | G92: 98.7287 | H92: 2.91 | I92: 65.294187 | J92: 2.4786697 | K92: 63.51 | L92: 50 | M92: 0.2 | N92: 50 | O92: 18.3 | P92: 1.49 | Q92: 117.92 | R92: 100.421 | S92: 3.4 | T92: 4425.64 | U92: -0.01 | V92: -0.06
A93: 2026-09-11 13:37:15 | B93: 870.5 | C93: 4.88 | D93: 120.25285 | E93: 2.5 | F93: 2.46 | G93: 99.0319 | H93: 2.7 | I93: 67.95866 | J93: 2.4306157 | K93: 55.57 | L93: 50 | M93: 0.194 | N93: 50 | O93: 18.88 | P93: 1.37 | Q93: 117.92 | R93: 105.944 | S93: 3.4 | T93: 4339.84 | U93: -0.01 | V93: -0.05
A94: 2026-09-12 13:24:21 | B94: 870.5 | C94: 4.88 | D94: 120.25285 | E94: 2.5 | F94: 2.55 | G94: 99.0901 | H94: 2.11 | I94: 67.46858 | J94: 2.4353819 | K94: 55.96 | L94: 50 | M94: 0.284 | N94: 50 | O94: 18.07 | P94: 1.36 | Q94: 117.92 | R94: 104.246 | S94: 3.4 | T94: 4348.35 | U94: -0.01 | V94: 0.01
A95: 2026-09-13 13:39:43 | B95: 870.5 | C95: 4.88 | D95: 120.25285 | E95: 2.5 | F95: 2.55 | G95: 99.0901 | H95: 2.11 | I95: 67.46858 | J95: 2.4353819 | K95: 55.96 | L95: 50 | M95: 0.284 | N95: 50 | O95: 18.07 | P95: 1.36 | Q95: 117.92 | R95: 104.246 | S95: 3.4 | T95: 4348.35 | U95: -0.01 | V95: 0.01
A96: 2026-09-14 13:47:36 | B96: 870.5 | C96: 4.88 | D96: 120.25285 | E96: 2.5 | F96: 2.55 | G96: 99.315 | H96: 2.11 | I96: 67.873041 | J96: 2.4252726 | K96: 55.96 | L96: 50 | M96: 0.284 | N96: 50 | O96: 18.07 | P96: 1.36 | Q96: 117.92 | R96: 106.614 | S96: 3.4 | T96: 4330.3 | U96: -0.01 | V96: 0.23
A97: 2026-09-15 13:48:54 | B97: 870.5 | C97: 4.88 | D97: 120.25285 | E97: 2.5 | F97: 2.6 | G97: 99.6036 | H97: 2.11 | I97: 67.988451 | J97: 2.4069303 | K97: 43.74 | L97: 50 | M97: 0.264 | N97: 50 | O97: 18.23 | P97: 1.35 | Q97: 117.92 | R97: 107.234 | S97: 3.4 | T97: 4297.55 | U97: -0.01 | V97: 0.13
A98: 2026-09-16 13:38:11 | B98: 870.5 | C98: 4.88 | D98: 120.25285 | E98: 2.5 | F98: 2.6 | G98: 99.6087 | H98: 2.64 | I98: 66.944015 | J98: 2.4243205 | K98: 43.16 | L98: 50 | M98: 0.326 | N98: 50 | O98: 18.26 | P98: 1.32 | Q98: 117.92 | R98: 107.972 | S98: 3.4 | T98: 4328.6 | U98: -0.01 | V98: -0.02
A99: 2026-09-17 13:44:11 | B99: 870.5 | C99: 4.88 | D99: 120.25285 | E99: 2.5 | F99: 2.62 | G99: 100.2658 | H99: 2.78 | I99: 67.480446 | J99: 2.406331 | K99: 46.84 | L99: 50 | M99: 0.418 | N99: 50 | O99: 18.43 | P99: 1.31 | Q99: 117.92 | R99: 105.422 | S99: 3.4 | T99: 4296.48 | U99: -0.01 | V99: -0.06
A100: 2026-09-18 13:32:54 | B100: 870.5 | C100: 4.88 | D100: 120.25285 | E100: 2.5 | F100: 2.68 | G100: 100.3127 | H100: 2.15 | I100: 65.880097 | J100: 2.4433517 | K100: 48.31 | L100: 0 | M100: 0.446 | N100: 50 | O100: 17.73 | P100: 1.38 | Q100: 117.92 | R100: 98.886 | S100: 3.4 | T100: 4362.58 | U100: -0.01 | V100: 0.08
A101: 2026-09-19 13:29:33 | B101: 870.5 | C101: 4.88 | D101: 120.25285 | E101: 2.5 | F101: 2.61 | G101: 100.2167 | H101: 3.11 | I101: 66.087396 | J101: 2.4521504 | K101: 43.27 | L101: 0 | M101: 0.27 | N101: 50 | O101: 17.76 | P101: 1.31 | Q101: 117.92 | R101: 98.734 | S101: 3.4 | T101: 4378.29 | U101: -0.01 | V101: -0.01
A102: 2026-09-20 13:42:54 | B102: 870.5 | C102: 4.88 | D102: 120.25285 | E102: 2.5 | F102: 2.61 | G102: 100.2167 | H102: 3.11 | I102: 66.087396 | J102: 2.4521504 | K102: 43.27 | L102: 0 | M102: 0.27 | N102: 50 | O102: 17.76 | P102: 1.31 | Q102: 117.92 | R102: 98.734 | S102: 3.4 | T102: 4378.29 | U102: -0.01 | V102: -0.01
A103: 2026-09-21 13:54:15 | B103: 870.5 | C103: 4.88 | D103: 120.25285 | E103: 2.5 | F103: 2.61 | G103: 100.3296 | H103: 3.11 | I103: 65.953506 | J103: 2.4390559 | K103: 43.27 | L103: 0 | M103: 0.27 | N103: 50 | O103: 17.76 | Q103: 117.92 | R103: 98.056 | S103: 3.4 | T103: 4354.91 | U103: -0.01 | V103: 0.11
A104: 2026-09-22 13:51:29 | B104: 870.5 | C104: 4.88 | D104: 120.25285 | E104: 2.5 | F104: 2.68 | G104: 100.3684 | H104: 2.01 | I104: 65.991771 | J104: 2.4253174 | K104: 43.14 | L104: 0 | M104: 0.05 | N104: 50 | O104: 17.69 | P104: 1.36 | Q104: 117.92 | R104: 97.628 | S104: 3.4 | T104: 4330.38 | U104: -0.01 | V104: -0.06
A105: 2026-09-23 13:29:14 | B105: 870.5 | C105: 4.88 | D105: 120.25285 | E105: 2.5 | F105: 2.62 | G105: 100.7105 | H105: 1.64 | I105: 65.29633 | J105: 2.4312094 | K105: 46.03 | L105: 0 | M105: -0.198 | N105: 100 | O105: 17.15 | P105: 1.36 | Q105: 117.92 | R105: 94.638 | S105: 3.4 | T105: 4340.9 | U105: -0.01 | V105: 0.17
A106: 2026-09-24 13:51:26 | B106: 870.5 | C106: 4.88 | D106: 120.25285 | E106: 2.5 | F106: 2.63 | G106: 101.1359 | H106: 0.92 | I106: 66.823685 | J106: 2.3986301 | K106: 42.36 | L106: 0 | M106: -0.44 | N106: 50 | O106: 17.49 | P106: 1.21 | Q106: 117.92 | R106: 98.132 | S106: 3.4 | T106: 4282.73 | U106: -0.01 | V106: 0.01
A107: 2026-09-25 13:48:55 | B107: 870.5 | C107: 4.88 | D107: 120.25285 | E107: 2.5 | F107: 2.76 | G107: 101.2297 | H107: 0.48 | I107: 67.027298 | J107: 2.3927997 | K107: 42.36 | L107: 0 | M107: -0.44 | N107: 50 | O107: 17.57 | P107: 1.14 | Q107: 117.92 | R107: 98.31 | S107: 3.4 | T107: 4272.32 | U107: -0.01 | V107: -0.01
A108: 2026-09-26 13:50:52 | B108: 870.5 | C108: 4.88 | D108: 120.25285 | E108: 2.5 | F108: 2.85 | G108: 101.0343 | H108: 0.48 | I108: 66.642613 | J108: 2.3999686 | K108: 42.36 | L108: 0 | M108: -0.44 | N108: 50 | O108: 17.3 | P108: 1.15 | Q108: 117.92 | R108: 97.484 | S108: 3.4 | T108: 4285.12 | U108: -0.01 | V108: -0.21
A109: 2026-09-27 14:13:31 | B109: 870.5 | C109: 4.88 | D109: 120.25285 | E109: 2.5 | F109: 2.85 | G109: 101.0343 | H109: 0.48 | I109: 66.642613 | J109: 2.3999686 | K109: 42.36 | L109: 0 | M109: -0.44 | N109: 50 | O109: 17.3 | P109: 1.15 | Q109: 117.92 | R109: 97.484 | S109: 3.4 | T109: 4285.12 | U109: -0.01 | V109: -0.21
A110: 2026-09-28 14:19:10 | B110: 870.5 | C110: 4.88 | D110: 120.25285 | E110: 2.5 | F110: 2.85 | G110: 101.1739 | H110: 0.48 | I110: 67.759656 | J110: 2.3384897 | K110: 42.36 | L110: 0 | M110: -0.44 | N110: 50 | O110: 17.3 | P110: 1.15 | Q110: 117.92 | R110: 98.863 | S110: 3.4 | T110: 4175.35 | U110: -0.01 | V110: 0.14
A111: 2026-09-29 14:34:44 | B111: 870.5 | C111: 4.88 | D111: 120.25285 | E111: 2.5 | F111: 2.83 | G111: 101.2567 | H111: 1 | I111: 68.021668 | J111: 2.3208643 | K111: 42.36 | L111: 0 | M111: -0.44 | N111: 50 | O111: 17.46 | P111: 1.08 | Q111: 117.92 | R111: 99.47 | S111: 3.4 | T111: 4143.88 | U111: -0.01 | V111: 0.07
A112: 2026-09-30 14:17:28 | B112: 870.5 | C112: 4.88 | D112: 120.25285 | E112: 2.5 | F112: 2.9 | G112: 101.2547 | H112: 1.14 | I112: 68.406572 | J112: 2.3435752 | K112: 40.4 | L112: 0 | M112: -0.712 | N112: 50 | O112: 17.45 | P112: 1.06 | Q112: 117.92 | R112: 95.727 | S112: 3.4 | T112: 4184.43 | U112: -0.01 | V112: -0.13
A113: 2026-10-02 14:41:01 | B113: 870.5 | C113: 4.88 | D113: 121.18773 | E113: 2.5 | F113: 2.93 | G113: 101.8811 | H113: 1.36 | I113: 68.441427 | J113: 2.3428527 | K113: 31.07 | L113: 50 | M113: -0.418 | N113: 50 | O113: 17.79 | P113: 1.23 | Q113: 146.21 | R113: 101.483 | S113: 3.4 | T113: 4183.14 | U113: -0.01 | V113: -0.16
A114: 2026-10-03 14:02:14 | B114: 870.5 | C114: 4.88 | D114: 121.18773 | E114: 2.5 | F114: 2.88 | G114: 101.9303 | H114: 0.87 | I114: 68.599271 | J114: 2.318288 | K114: 38.36 | L114: 50 | M114: -0.362 | N114: 50 | O114: 17.4 | P114: 1.19 | Q114: 146.21 | R114: 102.653 | S114: 3.4 | T114: 4139.28 | U114: -0.01 | V114: -0.11
A115: 2026-10-04 14:37:12 | B115: 870.5 | C115: 4.88 | D115: 121.18773 | E115: 2.5 | F115: 2.88 | G115: 101.9303 | H115: 0.87 | I115: 68.599271 | J115: 2.318288 | K115: 38.36 | L115: 50 | M115: -0.362 | N115: 50 | O115: 17.4 | P115: 1.19 | Q115: 146.21 | R115: 102.653 | S115: 3.4 | T115: 4139.28 | U115: -0.01 | V115: -0.11
... A121: 2026-10-10 14:41:11 | B121: 870.5 | C121: 4.88 | D121: 121.18773 | E121: 2.5 | F121: 2.87 | G121: 102.2306 | H121: 0.27 | I121: 68.998026 | J121: 2.1737772 | K121: 45.37 | L121: 50 | M121: -0.872 | N121: 50 | O121: 16.99 | P121: 1.23 | Q121: 146.21 | R121: 104.595 | S121: 3.4 | T121: 4194.39 | U121: -0.01 | V121: 0.1
A122: 2026-10-11 14:48:09 | B122: 870.5 | C122: 4.88 | D122: 121.18773 | E122: 2.5 | F122: 2.87 | G122: 102.2306 | H122: 0.27 | I122: 68.998026 | J122: 2.1737772 | K122: 45.37 | L122: 50 | M122: -0.872 | N122: 50 | O122: 16.99 | Q122: 146.21 | R122: 104.595 | S122: 3.4 | T122: 4194.39 | U122: -0.01 | V122: 0.1
A123: 2026-10-12 14:58:12 | B123: 870.5 | C123: 4.88 | D123: 121.18773 | E123: 2.5 | F123: 2.87 | G123: 102.1867 | H123: 0.27 | I123: 68.831414 | J123: 2.1688848 | K123: 45.37 | L123: 50 | M123: -0.872 | N123: 50 | O123: 16.99 | Q123: 146.21 | R123: 104.465 | S123: 3.4 | T123: 4184.95 | U123: -0.01 | V123: -0.04
A124: 2026-10-13 15:21:04 | B124: 870.5 | C124: 4.88 | D124: 121.18773 | E124: 2.5 | F124: 2.87 | G124: 102.3159 | H124: 0.76 | I124: 69.214097 | J124: 2.1730516 | K124: 45.69 | L124: 50 | M124: -0.836 | N124: 50 | O124: 16.69 | Q124: 146.21 | R124: 105.173 | S124: 3.4 | T124: 4192.99 | U124: -0.01 | V124: -0.26
A125: 2026-10-14 13:48:30 | B125: 870.5 | C125: 4.88 | D125: 121.18773 | E125: 2.5 | F125: 2.91 | G125: 102.1161 | H125: 0.37 | I125: 70.436801 | J125: 2.1544928 | K125: 42.01 | L125: 50 | M125: -0.866 | N125: 50 | O125: 16.68 | P125: 1.26 | Q125: 146.21 | R125: 106.172 | S125: 3.4 | T125: 4157.18 | U125: -0.01 | V125: -0.08
A126: 2026-10-15 13:33:42 | B126: 870.5 | C126: 4.88 | D126: 121.18773 | E126: 2.5 | F126: 2.88 | G126: 102.1046 | H126: 0.37 | I126: 74.199033 | J126: 2.1465168 | K126: 44.79 | L126: 50 | M126: -0.896 | N126: 50 | O126: 17.2 | P126: 1.28 | Q126: 146.21 | R126: 104.513 | S126: 3.7 | T126: 4141.79 | U126: -0.01 | V126: -0.41
A127: 2026-10-16 13:26:38 | B127: 870.5 | C127: 4.88 | D127: 121.18773 | E127: 2.5 | F127: 2.84 | G127: 101.9215 | H127: 0.18 | I127: 72.3193 | J127: 2.1633498 | K127: 51.42 | L127: 50 | M127: -0.878 | N127: 50 | O127: 17.08 | P127: 1.37 | Q127: 146.21 | R127: 105.431 | S127: 3.7 | T127: 4174.27 | U127: -0.01 | V127: -0.05
A128: 2026-10-17 13:19:11 | B128: 870.5 | C128: 4.88 | D128: 121.18773 | E128: 2.5 | F128: 2.78 | G128: 101.7827 | H128: 0.59 | I128: 73.130488 | J128: 2.1580532 | K128: 49.32 | L128: 50 | M128: -0.756 | N128: 50 | O128: 18.38 | P128: 1.38 | Q128: 146.21 | R128: 109.928 | S128: 3.7 | T128: 4164.05 | U128: -0.01 | V128: -0.19
A129: 2026-10-18 13:25:54 | B129: 870.5 | C129: 4.88 | D129: 121.18773 | E129: 2.5 | F129: 2.78 | G129: 101.7827 | H129: 0.59 | I129: 73.130488 | J129: 2.1580532 | K129: 49.32 | L129: 50 | M129: -0.756 | N129: 50 | O129: 18.38 | P129: 1.38 | Q129: 146.21 | R129: 109.928 | S129: 3.7 | T129: 4164.05 | U129: -0.01 | V129: -0.19
A130: 2026-10-19 13:43:41 | B130: 870.5 | C130: 4.88 | D130: 121.18773 | E130: 2.5 | F130: 2.78 | G130: 101.8203 | H130: 0.59 | I130: 72.565036 | J130: 2.1684443 | K130: 49.32 | L130: 50 | M130: -0.756 | N130: 50 | O130: 18.38 | P130: 1.38 | Q130: 146.21 | R130: 107.82 | S130: 3.7 | T130: 4184.1 | U130: -0.01 | V130: 0.04
A131: 2026-10-20 13:39:42 | B131: 870.5 | C131: 4.88 | D131: 121.18773 | E131: 2.5 | F131: 2.74 | G131: 101.77 | H131: 0.13 | I131: 72.139864 | J131: 2.141158 | K131: 28.24 | L131: 50 | M131: -0.67 | N131: 50 | O131: 17.79 | P131: 1.32 | Q131: 146.21 | R131: 110.041 | S131: 3.7 | T131: 4131.45 | U131: -0.01 | V131: -0.22
A132: 2026-10-21 13:43:05 | B132: 870.5 | C132: 4.88 | D132: 121.18773 | E132: 2.5 | F132: 2.8 | G132: 101.7911 | H132: 0.45 | I132: 71.939378 | J132: 2.134089 | K132: 28.85 | L132: 50 | M132: -0.554 | N132: 50 | O132: 17.57 | P132: 1.35 | Q132: 146.21 | R132: 110.502 | S132: 3.7 | T132: 4117.81 | U132: -0.01 | V132: 0.09
A133: 2026-10-22 13:45:09 | B133: 870.5 | C133: 4.88 | D133: 121.18773 | E133: 2.5 | F133: 2.77 | G133: 101.5592 | H133: 0.15 | I133: 72.847667 | J133: 2.1115758 | K133: 30.23 | L133: 50 | M133: -0.428 | N133: 50 | O133: 17.39 | P133: 1.34 | Q133: 146.21 | R133: 111.169 | S133: 3.7 | T133: 4074.37 | U133: -0.01 | V133: -0.14
A134: 2026-10-23 13:44:04 | B134: 870.5 | C134: 4.88 | D134: 121.18773 | E134: 2.5 | F134: 2.76 | G134: 101.684 | H134: -1.06 | I134: 73.944342 | J134: 2.0862641 | K134: 29.92 | L134: 50 | M134: -0.33 | N134: 50 | O134: 18.48 | P134: 1.51 | Q134: 146.21 | R134: 114.117 | S134: 3.7 | T134: 4025.53 | U134: -0.01 | V134: 0.06
...

Sheet 宏观信号计算表
A1: 引用数据收集表最新一行 (最后一行有数据的行)
A2: 当前引用行: =MAX(IF(数据收集总表!A3:A22<>"",ROW(数据收集总表!A3:A22)))
A4: 因子 | B4: 权重 | C4: 当前值 | D4: 编码(+1/0/-1) | E4: 得分贡献 | F4: 阈值说明
A5: 央行购金(吨) | B5: 30% | C5: =LOOKUP(2,1/(数据收集总表!B3:B31<>""),数据收集总表!B3:B31) | D5: =IF(C5>900,1,IF(C5>=600,0,-1)) | E5: =D5*VALUE(SUBSTITUTE(B5,"%",""))/100 | F5: >900=+1, 600-900=0, <600=-1
A6: M2同比增速(%) | B6: 25% | C6: =LOOKUP(2,1/(数据收集总表!C3:C31<>""),数据收集总表!C3:C31) | D6: =IF(C6>6,1,IF(C6>=0,0,-1)) | E6: =D6*VALUE(SUBSTITUTE(B6,"%",""))/100 | F6: >6%=+1, 0%-6%=0, <0%=-1
A7: 美债/GDP比率(%) | B7: 15% | C7: =LOOKUP(2,1/(数据收集总表!D3:D31<>""),数据收集总表!D3:D31) | D7: =IF(C7>120,1,IF(C7>=100,0,-1)) | E7: =D7*VALUE(SUBSTITUTE(B7,"%",""))/100 | F7: >120%=+1, 100%-120%=0, <100%=-1
A8: Fed预期差(bp) | B8: 15% | C8: =LOOKUP(2,1/(数据收集总表!E3:E31<>""),数据收集总表!E3:E31) | D8: =IF(C8>50,1,IF(C8<-50,-1,0)) | E8: =D8*VALUE(SUBSTITUTE(B8,"%",""))/100 | F8: 降息>50bp=+1, 中间=0, 加息=-1
A9: 10Y TIPS(%) | B9: 10% | C9: =LOOKUP(2,1/(数据收集总表!F3:F31<>""),数据收集总表!F3:F31) | D9: =IF(C9<-0.5,1,IF(C9<=1.5,0,-1)) | E9: =D9*VALUE(SUBSTITUTE(B9,"%",""))/100 | F9: <-0.5%=+1, -0.5%~1.5%=0, >1.5%=-1
A10: DXY | B10: 5% | C10: =LOOKUP(2,1/(数据收集总表!G3:G31<>""),数据收集总表!G3:G31) | D10: =IF(C10<95,1,IF(C10<=105,0,-1)) | E10: =D10*VALUE(SUBSTITUTE(B10,"%",""))/100 | F10: <95=+1, 95-105=0, >105=-1
A11: S_macro 合计 | B11: 100% | E11: =SUM(E5:E10)

Sheet 验证层计算表
A1: 因子 | B1: 权重 | C1: 当前值 | D1: 得分(0-100) | E1: 加权得分 | F1: 得分规则
A2: ETF持仓4周变化(%) | B2: 40% | C2: =LOOKUP(2,1/(数据收集总表!H3:H31<>""),数据收集总表!H3:H31) | D2: =IF(C2>=2,100,IF(C2<=-2,0,(C2+2)*25)) | E2: =D2*VALUE(SUBSTITUTE(B2,"%",""))/100 | F2: ≥+2%=100, ≤-2%=0, 线性插值
A3: 金银比 | B3: 35% | C3: =LOOKUP(2,1/(数据收集总表!I3:I31<>""),数据收集总表!I3:I31) | D3: =IF(C3<=60,100,IF(C3>=100,0,(100-C3)*2.5)) | E3: =D3*VALUE(SUBSTITUTE(B3,"%",""))/100 | F3: ≤60=100, ≥100=0, 线性插值
A4: 金价/AISC | B4: 25% | C4: =LOOKUP(2,1/(数据收集总表!J3:J31<>""),数据收集总表!J3:J31) | D4: =IF(C4<=1.5,100,IF(C4>=2.5,0,(2.5-C4)*100)) | E4: =D4*VALUE(SUBSTITUTE(B4,"%",""))/100 | F4: ≤1.5=100, ≥2.5=0, 线性插值
A5: 验证层总分 V | D5: =SUM(E2:E4)
A6: K_verif | D6: =D5/100+0.5

Sheet 趋势层计算表
A1: 因子 | B1: 权重 | C1: 当前值 | D1: 得分(0-100) | E1: 加权得分 | F1: 得分规则
A2: RSI14 | B2: 30% | C2: =LOOKUP(2,1/(数据收集总表!K3:K31<>""),数据收集总表!K3:K31) | D2: =IF(C2<=30,100,IF(C2>=70,0,(70-C2)*2.5)) | E2: =D2*VALUE(SUBSTITUTE(B2,"%",""))/100 | F2: ≤30=100, 30-70递减, ≥70=0
A3: MACD背离 | B3: 25% | C3: =LOOKUP(2,1/(数据收集总表!L3:L31<>""),数据收集总表!L3:L31) | D3: =C3 | E3: =D3*VALUE(SUBSTITUTE(B3,"%",""))/100 | F3: 底背离=100, 无=50, 顶背离=0
A4: 20日均线斜率(%) | B4: 25% | C4: =LOOKUP(2,1/(数据收集总表!M3:M31<>""),数据收集总表!M3:M31) | D4: =IF(C4>=0.5,100,IF(C4<=-0.5,0,(C4+0.5)*100)) | E4: =D4*VALUE(SUBSTITUTE(B4,"%",""))/100 | F4: ≥+0.5%=100, ≤-0.5%=0, 线性插值
A5: 布林带状态 | B5: 20% | C5: =LOOKUP(2,1/(数据收集总表!N3:N31<>""),数据收集总表!N3:N31) | D5: =C5 | E5: =D5*VALUE(SUBSTITUTE(B5,"%",""))/100 | F5: 触下轨扩口=100, 触上轨扩口=0, 其他=50
A6: 趋势层总分 T | D6: =SUM(E2:E5)
A7: K_trend | D7: =1+(D6/100-0.5)*0.4

Sheet 流动性地缘乘数表
A1: K_liquidity 计算
A3: 当前VIX | B3: =LOOKUP(2,1/(数据收集总表!O3:O31<>""),数据收集总表!O3:O31)
A4: 当前信用利差(%) | B4: =LOOKUP(2,1/(数据收集总表!P3:P31<>""),数据收集总表!P3:P31)
A5: K_liquidity | B5: =IF(B3>=35,0.5,IF(B3>=25,IF(B4>=3,0.7,0.8),IF(B3>=15,IF(B4>=3,0.9,1),IF(B4>=3,1,1.2))))
A8: K_geo 计算
A10: 当前GPR | B10: =LOOKUP(2,1/(数据收集总表!Q3:Q31<>""),数据收集总表!Q3:Q31) | C10: 120 | D10: 100
A11: 当前布油($) | B11: =LOOKUP(2,1/(数据收集总表!R3:R31<>""),数据收集总表!R3:R31) | C11: 120 | D11: 100
A12: 当前CPI(%) | B12: =LOOKUP(2,1/(数据收集总表!S3:S31<>""),数据收集总表!S3:S31)
A13: Fed编码 | B13: =宏观信号计算表!D8
A15: K_geo | B15: =IF(B10>C10,IF(B11>C11,IF(B12>4,1.2,IF(B13=-1,0.95,1.1)),IF(B11>D11,IF(B13=-1,0.95,1.1),1.1)),IF(B10>D10,IF(B11>C11,IF(B12>4,1,IF(B13=-1,0.98,1.05)),IF(B11>D11,IF(B13=-1,0.98,1.05),1.05)),1))
A18: K_geo 查表矩阵 (参考)
A19: GPR连续3月 | B19: 布油>$120+CPI>4% | C19: 布油$100-120+Fed=-1 | D19: 布油$100-120+Fed=0/+1 | E19: 布油<$100
A20: >120 | B20: 1.20 | C20: 0.95 | D20: 1.10 | E20: 1.10
A21: 100-120 | B21: — | C21: 0.98 | D21: 1.05 | E21: 1.05
A22: ≤100 | B22: 1.00 | C22: 1.00 | D22: 1.00 | E22: 1.00

Sheet 综合信号计算表
A1: 最终信号生成
A3: 计算步骤 | B3: 因子 | C3: 数值 | D3: 公式说明
A4: 第1步 | B4: S_macro | C4: =宏观信号计算表!E11 | D4: 宏观驱动信号
A5: 第2步 | B5: K_verif | C5: =验证层计算表!D6 | D5: 市场验证乘数
A6: 第3步 | B6: K_trend | C6: =趋势层计算表!D7 | D6: 趋势动量乘数
A7: 第4步 | B7: K_liquidity | C7: =流动性地缘乘数表!B5 | D7: 流动性乘数
A8: 第5步 | B8: K_geo | C8: =流动性地缘乘数表!B15 | D8: 地缘乘数
A9: 第6步 | B9: 原始信号 | C9: =C4*C5*C6*C7*C8 | D9: 五项相乘
A10: 第7步 | B10: 强制规则检查 | C10: =IF(强制规则检查表!E2<>"","触发",IF(强制规则检查表!E3<>"","触发",IF(强制规则检查表!E4<>"","触发",IF(强制规则检查表!E5<>"","触发","未触发")))) | D10: 见工作表7
A11: 第8步 | B11: 最终信号 | C11: =IF(强制规则检查表!E2<>"",强制规则检查表!D2,IF(强制规则检查表!E3<>"",强制规则检查表!D3,IF(强制规则检查表!E4<>"",强制规则检查表!D4,IF(强制规则检查表!E5<>"",强制规则检查表!D5,C9)))) | D11: 强制规则覆盖
A14: 信号等级 | B14: 仓位建议 | C14: 信号范围
A15: 🔥 强力看多 | B15: 16%-20% | C15: ≥+0.60
A16: ✅ 看多 | B16: 9%-16% | C16: +0.35~+0.60
A17: 🟡 偏多 | B17: 6%-9% | C17: +0.15~+0.35
A18: ⚪ 中性 | B18: 3%-6% | C18: -0.15~+0.15
A19: 🟠 偏空 | B19: 1%-30% | C19: -0.35~-0.15
A20: 🔴 看空 | B20: 0%-1% | C20: ≤-0.35
A22: 当前信号等级: | B22: =IF(C11>=0.6,"🔥 强力看多",IF(C11>=0.35,"✅ 看多",IF(C11>=0.15,"🟡 偏多",IF(C11>=-0.15,"⚪ 中性",IF(C11>=-0.35,"🟠 偏空","🔴 看空")))))
A23: 建议仓位: | B23: =IF(C11>=0.6,B15,IF(C11>=0.35,B16,IF(C11>=0.15,B17,IF(C11>=-0.15,B18,IF(C11>=-0.35,B19,B20)))))

Sheet 强制规则检查表
A1: 规则ID | B1: 触发条件 | C1: 判断公式 | D1: 强制动作 | E1: 是否触发
A2: OR-03 | B2: VIX≥35 且 黄金-1%美元+0.5% | C2: =AND(流动性地缘乘数表!B3>=35,LOOKUP(2,1/(数据收集总表!U3:U31<>""),数据收集总表!U3:U31)<=-0.01,LOOKUP(2,1/(数据收集总表!V3:V31<>""),数据收集总表!V3:V31)>=0.005) | D2: -0.5 | E2: =IF(C2=TRUE,D2,"")
A3: OR-01 | B3: 趋势层总分<20 | C3: =趋势层计算表!D6<20 | D3: -0.2 | E3: =IF(C3=TRUE,D3,"")
A4: OR-02 | B4: 趋势层总分>80 | C4: =趋势层计算表!D6>80 | D4: 0.3 | E4: =IF(C4=TRUE,D4,"")
A5: 结构牛底线 | B5: 连续两季购金>300吨 | C5: =FALSE | D5: 0.15 | E5: =IF(C5=TRUE,D5,"")

Sheet 操作日志
A1: 日期 | B1: 操作类型 | C1: 数据项 | D1: 原值 | E1: 新值 | F1: 信号变化前 | G1: 信号变化后 | H1: 备注
